Student_ID	Gender	Attendance_%	Internal_Marks	Sem1	Sem2	Sem3	Sem4	Sem5	Sem6	Average_Marks	CGPA	Grade	Career_Suggestion
S1	Male	80	22	81	54	85	62	91	63	72.66666667	7.27	B	IT Jobs / Private Sector
S2	Female	91	20	87	73	50	87	67	56	70	7	B	IT Jobs / Private Sector
S3	Male	82	12	50	54	69	65	93	81	68.66666667	6.87	B	IT Jobs / Private Sector
S4	Male	92	10	83	56	57	48	91	86	70.16666667	7.02	B	IT Jobs / Private Sector
S5	Male	62	15	90	74	78	94	64	61	76.83333333	7.68	B	IT Jobs / Private Sector
S6	Female	77	27	68	85	52	77	62	81	70.83333333	7.08	B	IT Jobs / Private Sector
S7	Male	84	19	55	45	65	71	62	92	65	6.5	B	IT Jobs / Private Sector
S8	Male	90	14	57	49	78	51	46	83	60.66666667	6.07	C	Skill Development Courses
S9	Male	62	19	78	64	48	50	48	72	60	6	C	Skill Development Courses
S10	Female	83	21	69	52	69	59	74	85	68	6.8	B	IT Jobs / Private Sector
S11	Male	91	11	51	87	59	62	77	79	69.16666667	6.92	B	IT Jobs / Private Sector
S12	Male	81	22	48	56	48	76	80	91	66.5	6.65	B	IT Jobs / Private Sector
S13	Male	82	17	52	45	89	55	62	92	65.83333333	6.58	B	IT Jobs / Private Sector
S14	Male	61	11	64	64	56	64	81	62	65.16666667	6.52	B	IT Jobs / Private Sector
S15	Female	86	29	73	72	76	68	63	58	68.33333333	6.83	B	IT Jobs / Private Sector
S16	Male	61	10	95	87	76	59	91	79	81.16666667	8.12	A	Higher Studies / Research
S17	Female	85	14	89	81	72	92	72	88	82.33333333	8.23	A	Higher Studies / Research
S18	Female	76	18	90	91	57	51	84	85	76.33333333	7.63	B	IT Jobs / Private Sector
S19	Female	92	26	54	81	75	65	64	51	65	6.5	B	IT Jobs / Private Sector
S20	Male	68	18	87	56	58	86	93	85	77.5	7.75	B	IT Jobs / Private Sector
S21	Female	88	20	78	81	64	70	77	57	71.16666667	7.12	B	IT Jobs / Private Sector
S22	Male	85	24	70	93	62	88	56	62	71.83333333	7.18	B	IT Jobs / Private Sector
S23	Female	94	15	85	93	73	58	95	81	80.83333333	8.08	A	Higher Studies / Research
S24	Female	84	12	93	88	50	81	59	57	71.33333333	7.13	B	IT Jobs / Private Sector
S25	Female	83	26	47	72	76	65	85	80	70.83333333	7.08	B	IT Jobs / Private Sector
S26	Female	72	14	50	91	73	62	83	75	72.33333333	7.23	B	IT Jobs / Private Sector
S27	Female	66	21	49	59	87	49	46	46	56	5.6	C	Skill Development Courses
S28	Female	95	27	49	50	46	47	73	60	54.16666667	5.42	C	Skill Development Courses
S29	Female	79	23	91	88	67	67	85	53	75.16666667	7.52	B	IT Jobs / Private Sector
S30	Female	60	30	67	64	63	70	54	53	61.83333333	6.18	C	Skill Development Courses
S31	Male	67	20	93	94	75	81	46	82	78.5	7.85	B	IT Jobs / Private Sector
S32	Male	75	18	53	58	95	68	95	55	70.66666667	7.07	B	IT Jobs / Private Sector
S33	Female	73	11	79	46	49	93	55	66	64.66666667	6.47	C	Skill Development Courses
S34	Female	71	21	64	53	63	63	57	77	62.83333333	6.28	C	Skill Development Courses
S35	Female	82	12	93	81	78	95	54	80	80.16666667	8.02	A	Higher Studies / Research
S36	Male	74	12	86	64	54	69	58	89	70	7	B	IT Jobs / Private Sector
S37	Female	87	10	79	70	69	65	62	67	68.66666667	6.87	B	IT Jobs / Private Sector
S38	Male	93	17	94	73	46	56	95	89	75.5	7.55	B	IT Jobs / Private Sector
S39	Male	61	17	62	45	55	85	53	89	64.83333333	6.48	C	Skill Development Courses
S40	Male	91	20	61	79	94	77	83	78	78.66666667	7.87	B	IT Jobs / Private Sector
S41	Male	82	18	68	50	75	94	72	53	68.66666667	6.87	B	IT Jobs / Private Sector
S42	Male	81	14	47	81	59	48	47	68	58.33333333	5.83	C	Skill Development Courses
S43	Female	84	23	76	49	53	86	64	52	63.33333333	6.33	C	Skill Development Courses
S44	Female	81	12	79	77	67	51	50	51	62.5	6.25	C	Skill Development Courses
S45	Female	81	30	82	93	63	66	71	80	75.83333333	7.58	B	IT Jobs / Private Sector
S46	Female	65	14	57	95	53	77	46	62	65	6.5	B	IT Jobs / Private Sector
S47	Female	74	14	91	58	79	61	73	47	68.16666667	6.82	B	IT Jobs / Private Sector
S48	Male	92	28	69	56	65	68	82	72	68.66666667	6.87	B	IT Jobs / Private Sector
S49	Female	67	23	53	86	53	78	47	50	61.16666667	6.12	C	Skill Development Courses
S50	Female	64	13	48	64	72	72	60	88	67.33333333	6.73	B	IT Jobs / Private Sector
S51	Male	63	22	58	94	90	87	74	88	81.83333333	8.18	A	Higher Studies / Research
S52	Female	65	19	81	68	95	85	84	65	79.66666667	7.97	B	IT Jobs / Private Sector
S53	Male	91	27	78	87	51	83	46	72	69.5	6.95	B	IT Jobs / Private Sector
S54	Female	89	17	55	78	60	66	61	84	67.33333333	6.73	B	IT Jobs / Private Sector
S55	Male	94	17	85	69	60	93	85	45	72.83333333	7.28	B	IT Jobs / Private Sector
S56	Female	75	16	47	94	77	61	56	80	69.16666667	6.92	B	IT Jobs / Private Sector
S57	Female	72	17	72	73	48	78	79	65	69.16666667	6.92	B	IT Jobs / Private Sector
S58	Male	89	23	73	83	48	50	87	87	71.33333333	7.13	B	IT Jobs / Private Sector
S59	Male	78	28	53	75	83	90	45	79	70.83333333	7.08	B	IT Jobs / Private Sector
S60	Male	76	15	47	91	84	50	89	57	69.66666667	6.97	B	IT Jobs / Private Sector
S61	Male	78	10	69	87	61	78	59	93	74.5	7.45	B	IT Jobs / Private Sector
S62	Male	87	24	78	94	81	45	70	54	70.33333333	7.03	B	IT Jobs / Private Sector
S63	Male	85	10	56	67	83	54	81	88	71.5	7.15	B	IT Jobs / Private Sector
S64	Male	85	26	86	88	73	65	65	91	78	7.8	B	IT Jobs / Private Sector
S65	Male	82	10	53	82	80	49	93	54	68.5	6.85	B	IT Jobs / Private Sector
S66	Female	68	24	59	64	82	46	75	90	69.33333333	6.93	B	IT Jobs / Private Sector
S67	Female	71	11	84	67	83	66	69	57	71	7.1	B	IT Jobs / Private Sector
S68	Male	60	23	69	89	94	92	67	81	82	8.2	A	Higher Studies / Research
S69	Female	60	30	49	60	81	46	68	82	64.33333333	6.43	C	Skill Development Courses
S70	Female	93	17	55	94	79	54	82	68	72	7.2	B	IT Jobs / Private Sector
S71	Female	91	17	78	86	51	78	72	46	68.5	6.85	B	IT Jobs / Private Sector
S72	Female	84	28	68	52	71	60	65	66	63.66666667	6.37	C	Skill Development Courses
S73	Male	60	16	59	94	72	92	87	61	77.5	7.75	B	IT Jobs / Private Sector
S74	Female	75	28	82	65	66	95	62	80	75	7.5	B	IT Jobs / Private Sector
S75	Male	64	15	52	45	58	83	80	58	62.66666667	6.27	C	Skill Development Courses
S76	Female	81	15	49	52	51	66	79	54	58.5	5.85	C	Skill Development Courses
S77	Female	88	12	92	73	81	56	89	79	78.33333333	7.83	B	IT Jobs / Private Sector
S78	Female	62	16	70	76	66	68	53	69	67	6.7	B	IT Jobs / Private Sector
S79	Male	71	28	62	82	49	91	82	47	68.83333333	6.88	B	IT Jobs / Private Sector
S80	Female	85	17	50	49	46	84	74	91	65.66666667	6.57	B	IT Jobs / Private Sector
S81	Male	75	19	81	91	71	82	88	82	82.5	8.25	A	Higher Studies / Research
S82	Female	81	29	92	66	65	54	78	61	69.33333333	6.93	B	IT Jobs / Private Sector
S83	Male	88	24	57	91	82	79	76	56	73.5	7.35	B	IT Jobs / Private Sector
S84	Female	73	24	72	78	59	95	47	68	69.83333333	6.98	B	IT Jobs / Private Sector
S85	Male	87	10	49	45	65	93	47	73	62	6.2	C	Skill Development Courses
S86	Male	64	29	57	70	54	76	72	87	69.33333333	6.93	B	IT Jobs / Private Sector
S87	Female	89	16	61	87	67	51	88	69	70.5	7.05	B	IT Jobs / Private Sector
S88	Male	64	13	94	54	83	65	59	80	72.5	7.25	B	IT Jobs / Private Sector
S89	Female	71	15	84	74	49	64	85	70	71	7.1	B	IT Jobs / Private Sector
S90	Female	75	10	89	94	45	70	67	82	74.5	7.45	B	IT Jobs / Private Sector
S91	Female	85	14	76	62	57	48	84	45	62	6.2	C	Skill Development Courses
S92	Female	85	10	73	61	65	90	55	64	68	6.8	B	IT Jobs / Private Sector
S93	Female	80	13	95	70	70	66	92	72	77.5	7.75	B	IT Jobs / Private Sector
S94	Female	95	11	47	52	94	59	76	60	64.66666667	6.47	C	Skill Development Courses
S95	Female	92	19	84	91	89	84	80	91	86.5	8.65	A	Higher Studies / Research
S96	Female	89	14	78	84	65	65	77	61	71.66666667	7.17	B	IT Jobs / Private Sector
S97	Female	82	19	84	93	62	59	68	84	75	7.5	B	IT Jobs / Private Sector
S98	Female	69	10	71	56	81	66	83	72	71.5	7.15	B	IT Jobs / Private Sector
S99	Female	64	15	57	71	89	72	78	56	70.5	7.05	B	IT Jobs / Private Sector
S100	Male	95	22	89	52	76	58	72	71	69.66666667	6.97	B	IT Jobs / Private Sector
S101	Male	93	24	77	69	80	71	81	86	77.33333333	7.73	B	IT Jobs / Private Sector
S102	Female	90	13	50	90	61	85	51	91	71.33333333	7.13	B	IT Jobs / Private Sector
S103	Female	69	22	68	48	79	84	48	74	66.83333333	6.68	B	IT Jobs / Private Sector
S104	Female	78	29	63	77	93	72	81	85	78.5	7.85	B	IT Jobs / Private Sector
S105	Female	91	24	60	45	55	70	45	78	58.83333333	5.88	C	Skill Development Courses
S106	Female	60	17	84	63	65	93	45	81	71.83333333	7.18	B	IT Jobs / Private Sector
S107	Female	64	14	72	75	70	46	91	50	67.33333333	6.73	B	IT Jobs / Private Sector
S108	Female	63	24	77	60	48	69	64	51	61.5	6.15	C	Skill Development Courses
S109	Female	75	13	92	58	78	47	63	76	69	6.9	B	IT Jobs / Private Sector
S110	Male	83	21	85	92	92	52	73	76	78.33333333	7.83	B	IT Jobs / Private Sector
S111	Female	75	22	57	49	62	88	54	69	63.16666667	6.32	C	Skill Development Courses
S112	Male	61	11	87	85	84	77	62	77	78.66666667	7.87	B	IT Jobs / Private Sector
S113	Female	87	28	89	70	79	86	72	51	74.5	7.45	B	IT Jobs / Private Sector
S114	Female	91	28	69	72	85	79	79	56	73.33333333	7.33	B	IT Jobs / Private Sector
S115	Male	86	13	86	46	73	50	87	60	67	6.7	B	IT Jobs / Private Sector
S116	Female	79	13	80	94	73	83	91	60	80.16666667	8.02	A	Higher Studies / Research
S117	Male	83	20	71	50	82	67	75	87	72	7.2	B	IT Jobs / Private Sector
S118	Female	71	14	82	53	86	69	71	80	73.5	7.35	B	IT Jobs / Private Sector
S119	Female	94	29	51	77	65	94	55	57	66.5	6.65	B	IT Jobs / Private Sector
S120	Male	92	20	49	85	86	87	93	51	75.16666667	7.52	B	IT Jobs / Private Sector
S121	Female	92	19	87	69	57	63	93	80	74.83333333	7.48	B	IT Jobs / Private Sector
S122	Male	71	17	89	92	93	49	82	91	82.66666667	8.27	A	Higher Studies / Research
S123	Female	62	15	95	57	85	95	49	95	79.33333333	7.93	B	IT Jobs / Private Sector
S124	Male	60	15	75	53	61	55	52	53	58.16666667	5.82	C	Skill Development Courses
S125	Male	92	17	67	57	53	56	78	76	64.5	6.45	C	Skill Development Courses
S126	Female	69	24	86	75	85	54	92	55	74.5	7.45	B	IT Jobs / Private Sector
S127	Female	88	23	54	85	45	52	56	52	57.33333333	5.73	C	Skill Development Courses
S128	Male	72	20	76	55	46	68	82	77	67.33333333	6.73	B	IT Jobs / Private Sector
S129	Female	71	21	87	48	92	72	45	67	68.5	6.85	B	IT Jobs / Private Sector
S130	Female	90	22	74	78	73	85	75	69	75.66666667	7.57	B	IT Jobs / Private Sector
S131	Female	61	17	83	82	77	80	48	52	70.33333333	7.03	B	IT Jobs / Private Sector
S132	Male	94	27	75	90	54	81	93	89	80.33333333	8.03	A	Higher Studies / Research
S133	Male	82	10	62	48	94	65	89	66	70.66666667	7.07	B	IT Jobs / Private Sector
S134	Male	76	24	80	82	84	52	94	48	73.33333333	7.33	B	IT Jobs / Private Sector
S135	Male	85	17	46	63	65	53	49	84	60	6	C	Skill Development Courses
S136	Male	67	20	58	50	72	91	74	47	65.33333333	6.53	B	IT Jobs / Private Sector
S137	Male	88	21	57	78	55	59	68	73	65	6.5	B	IT Jobs / Private Sector
S138	Male	85	21	73	62	78	92	47	85	72.83333333	7.28	B	IT Jobs / Private Sector
S139	Male	69	13	56	57	52	90	55	73	63.83333333	6.38	C	Skill Development Courses
S140	Male	85	25	83	85	66	84	89	78	80.83333333	8.08	A	Higher Studies / Research
S141	Female	93	13	46	67	52	62	48	78	58.83333333	5.88	C	Skill Development Courses
S142	Male	66	14	76	63	93	86	70	72	76.66666667	7.67	B	IT Jobs / Private Sector
S143	Female	63	14	57	89	59	64	71	57	66.16666667	6.62	B	IT Jobs / Private Sector
S144	Female	70	17	90	55	61	50	90	59	67.5	6.75	B	IT Jobs / Private Sector
S145	Female	88	19	71	45	67	56	87	67	65.5	6.55	B	IT Jobs / Private Sector
S146	Male	95	26	93	68	68	46	71	88	72.33333333	7.23	B	IT Jobs / Private Sector
S147	Male	84	18	85	51	89	51	86	70	72	7.2	B	IT Jobs / Private Sector
S148	Male	80	28	61	69	63	60	95	48	66	6.6	B	IT Jobs / Private Sector
S149	Male	95	23	84	65	49	47	94	70	68.16666667	6.82	B	IT Jobs / Private Sector
S150	Female	69	17	75	59	76	89	50	84	72.16666667	7.22	B	IT Jobs / Private Sector
S151	Male	68	18	78	45	88	47	59	53	61.66666667	6.17	C	Skill Development Courses
S152	Male	83	20	68	56	45	71	74	49	60.5	6.05	C	Skill Development Courses
S153	Male	94	10	89	51	67	94	86	76	77.16666667	7.72	B	IT Jobs / Private Sector
S154	Male	94	23	79	59	81	87	81	64	75.16666667	7.52	B	IT Jobs / Private Sector
S155	Male	95	14	92	65	52	84	81	94	78	7.8	B	IT Jobs / Private Sector
S156	Female	77	30	50	63	57	82	86	55	65.5	6.55	B	IT Jobs / Private Sector
S157	Male	91	23	63	73	52	77	81	59	67.5	6.75	B	IT Jobs / Private Sector
S158	Female	83	13	74	69	67	72	79	76	72.83333333	7.28	B	IT Jobs / Private Sector
S159	Male	82	10	51	77	87	45	67	72	66.5	6.65	B	IT Jobs / Private Sector
S160	Female	91	28	54	93	45	52	50	66	60	6	C	Skill Development Courses
S161	Male	71	17	85	76	89	81	48	85	77.33333333	7.73	B	IT Jobs / Private Sector
S162	Male	72	24	76	93	95	76	62	61	77.16666667	7.72	B	IT Jobs / Private Sector
S163	Female	82	30	78	79	68	92	53	70	73.33333333	7.33	B	IT Jobs / Private Sector
S164	Female	84	24	72	88	79	87	93	88	84.5	8.45	A	Higher Studies / Research
S165	Female	94	18	59	82	68	81	73	51	69	6.9	B	IT Jobs / Private Sector
S166	Male	89	30	74	70	61	48	57	86	66	6.6	B	IT Jobs / Private Sector
S167	Female	76	18	81	55	49	74	91	70	70	7	B	IT Jobs / Private Sector
S168	Male	79	19	73	79	64	50	61	69	66	6.6	B	IT Jobs / Private Sector
S169	Male	84	29	66	52	65	90	89	54	69.33333333	6.93	B	IT Jobs / Private Sector
S170	Female	81	30	48	90	84	63	76	89	75	7.5	B	IT Jobs / Private Sector
S171	Female	72	18	64	58	75	76	92	63	71.33333333	7.13	B	IT Jobs / Private Sector
S172	Male	78	12	76	54	90	53	66	55	65.66666667	6.57	B	IT Jobs / Private Sector
S173	Male	95	29	80	46	80	56	48	57	61.16666667	6.12	C	Skill Development Courses
S174	Female	71	20	94	90	55	55	49	52	65.83333333	6.58	B	IT Jobs / Private Sector
S175	Female	78	15	48	53	59	90	81	84	69.16666667	6.92	B	IT Jobs / Private Sector
S176	Female	71	11	71	47	63	60	85	48	62.33333333	6.23	C	Skill Development Courses
S177	Male	68	16	61	65	51	45	93	91	67.66666667	6.77	B	IT Jobs / Private Sector
S178	Male	66	27	56	70	95	89	57	75	73.66666667	7.37	B	IT Jobs / Private Sector
S179	Male	87	11	66	52	72	65	78	72	67.5	6.75	B	IT Jobs / Private Sector
S180	Male	73	26	61	92	95	74	89	55	77.66666667	7.77	B	IT Jobs / Private Sector
S181	Male	90	20	54	46	87	57	66	87	66.16666667	6.62	B	IT Jobs / Private Sector
S182	Male	78	21	45	50	49	78	67	45	55.66666667	5.57	C	Skill Development Courses
S183	Female	75	28	66	72	49	48	95	93	70.5	7.05	B	IT Jobs / Private Sector
S184	Male	64	16	70	73	74	72	47	91	71.16666667	7.12	B	IT Jobs / Private Sector
S185	Male	94	29	62	70	76	82	86	82	76.33333333	7.63	B	IT Jobs / Private Sector
S186	Male	71	15	94	69	52	75	78	68	72.66666667	7.27	B	IT Jobs / Private Sector
S187	Female	84	30	58	56	54	71	76	91	67.66666667	6.77	B	IT Jobs / Private Sector
S188	Male	80	10	91	49	82	49	89	75	72.5	7.25	B	IT Jobs / Private Sector
S189	Male	95	26	73	78	91	69	95	85	81.83333333	8.18	A	Higher Studies / Research
S190	Female	82	20	56	92	76	47	93	90	75.66666667	7.57	B	IT Jobs / Private Sector
S191	Male	75	27	80	81	92	77	65	94	81.5	8.15	A	Higher Studies / Research
S192	Male	73	30	79	59	72	48	90	70	69.66666667	6.97	B	IT Jobs / Private Sector
S193	Male	90	26	56	88	61	69	88	93	75.83333333	7.58	B	IT Jobs / Private Sector
S194	Male	64	16	51	80	75	64	65	94	71.5	7.15	B	IT Jobs / Private Sector
S195	Male	94	26	73	59	52	78	88	49	66.5	6.65	B	IT Jobs / Private Sector
S196	Female	82	29	55	87	84	70	55	64	69.16666667	6.92	B	IT Jobs / Private Sector
S197	Female	88	18	77	92	69	49	83	85	75.83333333	7.58	B	IT Jobs / Private Sector
S198	Female	70	26	50	67	53	79	48	55	58.66666667	5.87	C	Skill Development Courses
S199	Male	77	29	91	50	46	72	95	77	71.83333333	7.18	B	IT Jobs / Private Sector
S200	Male	71	17	59	90	59	73	45	94	70	7	B	IT Jobs / Private Sector
S201	Male	68	26	76	94	94	53	72	82	78.5	7.85	B	IT Jobs / Private Sector
S202	Female	69	16	95	88	47	82	68	71	75.16666667	7.52	B	IT Jobs / Private Sector
S203	Male	76	10	55	87	93	94	79	78	81	8.1	A	Higher Studies / Research
S204	Male	66	22	67	89	80	50	57	59	67	6.7	B	IT Jobs / Private Sector
S205	Female	72	28	70	65	48	63	91	76	68.83333333	6.88	B	IT Jobs / Private Sector
S206	Male	68	28	78	67	58	88	78	65	72.33333333	7.23	B	IT Jobs / Private Sector
S207	Female	86	26	90	87	85	55	55	90	77	7.7	B	IT Jobs / Private Sector
S208	Female	61	22	78	60	85	46	80	49	66.33333333	6.63	B	IT Jobs / Private Sector
S209	Female	64	25	73	91	69	91	95	50	78.16666667	7.82	B	IT Jobs / Private Sector
S210	Male	88	17	48	59	94	88	61	82	72	7.2	B	IT Jobs / Private Sector
S211	Male	78	28	61	69	54	88	79	66	69.5	6.95	B	IT Jobs / Private Sector
S212	Male	67	27	79	80	65	53	62	62	66.83333333	6.68	B	IT Jobs / Private Sector
S213	Male	60	10	57	55	80	65	84	58	66.5	6.65	B	IT Jobs / Private Sector
S214	Male	81	23	85	95	56	68	66	54	70.66666667	7.07	B	IT Jobs / Private Sector
S215	Male	76	28	83	59	71	78	68	90	74.83333333	7.48	B	IT Jobs / Private Sector
S216	Male	66	24	59	48	84	66	63	57	62.83333333	6.28	C	Skill Development Courses
S217	Female	84	27	73	65	46	47	81	75	64.5	6.45	C	Skill Development Courses
S218	Male	63	11	73	57	57	56	83	74	66.66666667	6.67	B	IT Jobs / Private Sector
S219	Female	95	26	55	66	76	72	65	47	63.5	6.35	C	Skill Development Courses
S220	Male	65	27	76	63	75	74	52	74	69	6.9	B	IT Jobs / Private Sector
S221	Male	90	15	46	78	60	70	72	50	62.66666667	6.27	C	Skill Development Courses
S222	Male	78	28	91	58	76	92	49	73	73.16666667	7.32	B	IT Jobs / Private Sector
S223	Female	86	13	58	48	76	65	61	52	60	6	C	Skill Development Courses
S224	Female	69	10	64	92	78	72	81	88	79.16666667	7.92	B	IT Jobs / Private Sector
S225	Female	85	17	66	90	55	70	80	89	75	7.5	B	IT Jobs / Private Sector
S226	Female	78	16	55	71	54	77	63	87	67.83333333	6.78	B	IT Jobs / Private Sector
S227	Male	62	12	71	73	59	65	71	88	71.16666667	7.12	B	IT Jobs / Private Sector
S228	Female	72	19	47	91	61	79	78	77	72.16666667	7.22	B	IT Jobs / Private Sector
S229	Male	87	19	61	72	84	78	55	61	68.5	6.85	B	IT Jobs / Private Sector
S230	Male	79	28	88	79	62	85	89	92	82.5	8.25	A	Higher Studies / Research
S231	Female	87	23	72	52	53	95	91	55	69.66666667	6.97	B	IT Jobs / Private Sector
S232	Female	67	11	73	60	69	91	56	57	67.66666667	6.77	B	IT Jobs / Private Sector
S233	Female	60	10	65	86	84	62	65	94	76	7.6	B	IT Jobs / Private Sector
S234	Female	62	27	91	80	58	55	55	55	65.66666667	6.57	B	IT Jobs / Private Sector
S235	Female	72	16	60	74	69	67	83	75	71.33333333	7.13	B	IT Jobs / Private Sector
S236	Female	87	17	81	62	94	92	72	72	78.83333333	7.88	B	IT Jobs / Private Sector
S237	Female	84	10	64	46	66	66	49	88	63.16666667	6.32	C	Skill Development Courses
S238	Female	92	12	50	93	74	61	61	50	64.83333333	6.48	C	Skill Development Courses
S239	Male	65	17	63	57	64	49	64	85	63.66666667	6.37	C	Skill Development Courses
S240	Female	91	24	49	48	65	88	85	60	65.83333333	6.58	B	IT Jobs / Private Sector
S241	Female	80	14	47	70	88	55	90	48	66.33333333	6.63	B	IT Jobs / Private Sector
S242	Male	75	12	45	69	76	74	56	79	66.5	6.65	B	IT Jobs / Private Sector
S243	Female	80	28	82	74	95	59	50	92	75.33333333	7.53	B	IT Jobs / Private Sector
S244	Male	70	10	59	55	90	71	61	70	67.66666667	6.77	B	IT Jobs / Private Sector
S245	Male	95	24	78	51	93	79	95	56	75.33333333	7.53	B	IT Jobs / Private Sector
S246	Female	94	17	79	75	65	77	63	55	69	6.9	B	IT Jobs / Private Sector
S247	Male	78	11	93	88	79	64	70	81	79.16666667	7.92	B	IT Jobs / Private Sector
S248	Male	79	12	69	54	76	60	92	69	70	7	B	IT Jobs / Private Sector
S249	Male	77	23	68	83	74	78	88	62	75.5	7.55	B	IT Jobs / Private Sector
S250	Male	73	23	56	57	83	46	88	63	65.5	6.55	B	IT Jobs / Private Sector
S251	Female	74	20	62	75	93	79	76	67	75.33333333	7.53	B	IT Jobs / Private Sector
S252	Male	90	25	59	51	56	84	50	82	63.66666667	6.37	C	Skill Development Courses
S253	Female	60	13	88	93	85	72	80	62	80	8	A	Higher Studies / Research
S254	Male	62	29	60	86	91	91	82	70	80	8	A	Higher Studies / Research
S255	Male	75	14	71	86	62	83	55	50	67.83333333	6.78	B	IT Jobs / Private Sector
S256	Male	82	30	52	80	65	50	77	48	62	6.2	C	Skill Development Courses
S257	Male	70	23	90	64	57	53	68	88	70	7	B	IT Jobs / Private Sector
S258	Female	71	25	69	48	65	64	67	95	68	6.8	B	IT Jobs / Private Sector
S259	Female	69	27	61	51	52	45	59	73	56.83333333	5.68	C	Skill Development Courses
S260	Male	91	16	73	45	90	52	71	78	68.16666667	6.82	B	IT Jobs / Private Sector
S261	Male	75	19	52	88	84	67	55	61	67.83333333	6.78	B	IT Jobs / Private Sector
S262	Female	67	16	59	89	90	47	95	87	77.83333333	7.78	B	IT Jobs / Private Sector
S263	Male	71	10	71	86	51	48	94	87	72.83333333	7.28	B	IT Jobs / Private Sector
S264	Male	83	30	90	91	67	69	61	60	73	7.3	B	IT Jobs / Private Sector
S265	Male	87	28	94	57	88	91	95	46	78.5	7.85	B	IT Jobs / Private Sector
S266	Female	67	25	51	66	76	82	58	78	68.5	6.85	B	IT Jobs / Private Sector
S267	Female	87	28	47	65	55	59	71	52	58.16666667	5.82	C	Skill Development Courses
S268	Female	95	13	73	66	66	65	62	57	64.83333333	6.48	C	Skill Development Courses
S269	Male	85	27	88	72	66	79	72	86	77.16666667	7.72	B	IT Jobs / Private Sector
S270	Male	67	11	68	53	87	90	95	52	74.16666667	7.42	B	IT Jobs / Private Sector
S271	Female	87	10	47	70	69	58	91	74	68.16666667	6.82	B	IT Jobs / Private Sector
S272	Female	87	24	64	53	66	80	91	76	71.66666667	7.17	B	IT Jobs / Private Sector
S273	Female	95	14	90	59	72	56	48	80	67.5	6.75	B	IT Jobs / Private Sector
S274	Female	86	29	59	54	73	61	51	91	64.83333333	6.48	C	Skill Development Courses
S275	Male	76	20	69	68	57	83	89	74	73.33333333	7.33	B	IT Jobs / Private Sector
S276	Female	68	19	74	86	62	53	79	45	66.5	6.65	B	IT Jobs / Private Sector
S277	Male	92	11	58	52	46	79	92	87	69	6.9	B	IT Jobs / Private Sector
S278	Female	79	12	51	68	73	57	53	83	64.16666667	6.42	C	Skill Development Courses
S279	Male	72	21	61	60	65	59	52	61	59.66666667	5.97	C	Skill Development Courses
S280	Female	87	29	88	93	59	62	89	64	75.83333333	7.58	B	IT Jobs / Private Sector
S281	Female	88	14	64	70	71	95	61	68	71.5	7.15	B	IT Jobs / Private Sector
S282	Female	72	14	80	71	94	77	61	94	79.5	7.95	B	IT Jobs / Private Sector
S283	Female	94	15	53	81	75	50	93	66	69.66666667	6.97	B	IT Jobs / Private Sector
S284	Male	65	18	82	48	59	71	77	73	68.33333333	6.83	B	IT Jobs / Private Sector
S285	Female	77	11	92	94	95	67	76	66	81.66666667	8.17	A	Higher Studies / Research
S286	Male	64	30	66	68	67	71	52	88	68.66666667	6.87	B	IT Jobs / Private Sector
S287	Male	84	21	46	63	68	78	63	53	61.83333333	6.18	C	Skill Development Courses
S288	Male	61	12	68	80	88	90	82	81	81.5	8.15	A	Higher Studies / Research
S289	Male	69	29	52	83	57	82	47	54	62.5	6.25	C	Skill Development Courses
S290	Female	89	21	55	54	66	58	49	80	60.33333333	6.03	C	Skill Development Courses
S291	Male	64	26	57	69	87	80	57	81	71.83333333	7.18	B	IT Jobs / Private Sector
S292	Male	92	19	61	62	81	52	91	72	69.83333333	6.98	B	IT Jobs / Private Sector
S293	Male	60	23	52	63	77	79	90	72	72.16666667	7.22	B	IT Jobs / Private Sector
S294	Female	77	26	65	80	47	63	75	86	69.33333333	6.93	B	IT Jobs / Private Sector
S295	Female	91	27	62	54	63	74	60	87	66.66666667	6.67	B	IT Jobs / Private Sector
S296	Female	70	28	74	77	67	58	94	65	72.5	7.25	B	IT Jobs / Private Sector
S297	Female	80	26	62	94	73	64	76	68	72.83333333	7.28	B	IT Jobs / Private Sector
S298	Male	85	23	90	49	74	93	66	86	76.33333333	7.63	B	IT Jobs / Private Sector
S299	Male	84	18	91	91	83	69	73	84	81.83333333	8.18	A	Higher Studies / Research
S300	Female	81	17	75	93	88	84	66	46	75.33333333	7.53	B	IT Jobs / Private Sector
S301	Male	86	11	82	79	91	68	87	52	76.5	7.65	B	IT Jobs / Private Sector
S302	Male	72	22	76	88	69	58	47	92	71.66666667	7.17	B	IT Jobs / Private Sector
S303	Male	92	16	55	78	81	70	54	71	68.16666667	6.82	B	IT Jobs / Private Sector
S304	Female	93	18	89	77	91	82	86	66	81.83333333	8.18	A	Higher Studies / Research
S305	Female	94	20	69	65	52	67	65	81	66.5	6.65	B	IT Jobs / Private Sector
S306	Male	60	23	77	61	86	66	60	71	70.16666667	7.02	B	IT Jobs / Private Sector
S307	Female	80	13	82	66	60	92	56	73	71.5	7.15	B	IT Jobs / Private Sector
S308	Female	65	22	85	92	52	63	46	47	64.16666667	6.42	C	Skill Development Courses
S309	Female	87	11	52	81	45	90	85	88	73.5	7.35	B	IT Jobs / Private Sector
S310	Female	76	14	55	59	88	95	68	57	70.33333333	7.03	B	IT Jobs / Private Sector
S311	Female	64	20	66	79	49	47	79	89	68.16666667	6.82	B	IT Jobs / Private Sector
S312	Male	90	15	95	72	47	86	74	54	71.33333333	7.13	B	IT Jobs / Private Sector
S313	Female	64	27	68	51	45	63	74	80	63.5	6.35	C	Skill Development Courses
S314	Male	62	30	85	76	48	53	91	53	67.66666667	6.77	B	IT Jobs / Private Sector
S315	Male	82	19	61	55	84	72	79	71	70.33333333	7.03	B	IT Jobs / Private Sector
S316	Female	69	13	56	54	79	64	63	78	65.66666667	6.57	B	IT Jobs / Private Sector
S317	Male	69	18	90	53	76	89	94	95	82.83333333	8.28	A	Higher Studies / Research
S318	Male	78	15	76	58	86	51	52	45	61.33333333	6.13	C	Skill Development Courses
S319	Male	76	11	59	57	78	58	70	76	66.33333333	6.63	B	IT Jobs / Private Sector
S320	Female	80	26	60	69	87	53	93	69	71.83333333	7.18	B	IT Jobs / Private Sector
S321	Female	73	14	66	46	69	63	84	73	66.83333333	6.68	B	IT Jobs / Private Sector
S322	Male	68	15	72	79	54	91	51	51	66.33333333	6.63	B	IT Jobs / Private Sector
S323	Female	60	21	64	51	65	58	74	93	67.5	6.75	B	IT Jobs / Private Sector
S324	Female	72	30	77	65	90	82	51	47	68.66666667	6.87	B	IT Jobs / Private Sector
S325	Female	63	19	54	62	83	80	47	64	65	6.5	B	IT Jobs / Private Sector
S326	Female	60	30	84	47	71	84	45	64	65.83333333	6.58	B	IT Jobs / Private Sector
S327	Male	91	15	76	86	71	61	80	74	74.66666667	7.47	B	IT Jobs / Private Sector
S328	Male	93	17	94	83	46	74	69	79	74.16666667	7.42	B	IT Jobs / Private Sector
S329	Female	87	11	77	85	85	53	81	79	76.66666667	7.67	B	IT Jobs / Private Sector
S330	Female	90	21	46	93	92	77	45	93	74.33333333	7.43	B	IT Jobs / Private Sector
S331	Male	67	22	77	55	57	69	59	83	66.66666667	6.67	B	IT Jobs / Private Sector
S332	Male	85	30	77	83	53	58	81	71	70.5	7.05	B	IT Jobs / Private Sector
S333	Female	93	16	85	68	80	55	57	70	69.16666667	6.92	B	IT Jobs / Private Sector
S334	Male	62	19	57	90	66	79	84	58	72.33333333	7.23	B	IT Jobs / Private Sector
S335	Female	71	22	74	63	86	85	52	61	70.16666667	7.02	B	IT Jobs / Private Sector
S336	Female	60	26	77	48	70	58	49	62	60.66666667	6.07	C	Skill Development Courses
S337	Male	64	30	57	70	56	74	53	89	66.5	6.65	B	IT Jobs / Private Sector
S338	Male	89	23	70	82	61	85	45	73	69.33333333	6.93	B	IT Jobs / Private Sector
S339	Female	89	11	66	86	58	48	80	64	67	6.7	B	IT Jobs / Private Sector
S340	Female	76	20	83	76	58	48	79	71	69.16666667	6.92	B	IT Jobs / Private Sector
S341	Male	82	10	46	83	78	72	46	62	64.5	6.45	C	Skill Development Courses
S342	Female	74	28	82	89	64	52	84	48	69.83333333	6.98	B	IT Jobs / Private Sector
S343	Male	80	30	83	90	55	46	67	45	64.33333333	6.43	C	Skill Development Courses
S344	Female	73	13	70	80	60	85	53	94	73.66666667	7.37	B	IT Jobs / Private Sector
S345	Male	61	28	90	84	95	90	78	45	80.33333333	8.03	A	Higher Studies / Research
S346	Male	70	30	94	81	75	66	90	70	79.33333333	7.93	B	IT Jobs / Private Sector
S347	Male	92	20	59	77	50	85	58	89	69.66666667	6.97	B	IT Jobs / Private Sector
S348	Female	93	17	78	80	63	60	48	64	65.5	6.55	B	IT Jobs / Private Sector
S349	Female	77	20	86	47	81	73	74	67	71.33333333	7.13	B	IT Jobs / Private Sector
S350	Male	89	13	88	53	48	93	75	54	68.5	6.85	B	IT Jobs / Private Sector
S351	Female	74	26	93	52	91	92	82	55	77.5	7.75	B	IT Jobs / Private Sector
S352	Male	86	16	84	77	48	74	55	85	70.5	7.05	B	IT Jobs / Private Sector
S353	Male	93	17	55	50	64	56	79	85	64.83333333	6.48	C	Skill Development Courses
S354	Female	92	12	47	85	54	79	52	49	61	6.1	C	Skill Development Courses
S355	Female	83	11	50	83	68	55	47	45	58	5.8	C	Skill Development Courses
S356	Male	74	24	53	48	79	90	58	61	64.83333333	6.48	C	Skill Development Courses
S357	Female	89	14	50	57	70	94	57	66	65.66666667	6.57	B	IT Jobs / Private Sector
S358	Female	76	10	53	93	81	65	89	78	76.5	7.65	B	IT Jobs / Private Sector
S359	Male	64	13	83	46	82	65	76	89	73.5	7.35	B	IT Jobs / Private Sector
S360	Male	88	24	75	49	65	49	78	85	66.83333333	6.68	B	IT Jobs / Private Sector
S361	Female	63	29	76	88	84	92	89	73	83.66666667	8.37	A	Higher Studies / Research
S362	Male	69	28	85	71	83	64	63	48	69	6.9	B	IT Jobs / Private Sector
S363	Male	76	12	94	76	65	81	82	49	74.5	7.45	B	IT Jobs / Private Sector
S364	Female	69	29	56	65	54	47	60	55	56.16666667	5.62	C	Skill Development Courses
S365	Male	76	20	52	52	82	88	46	95	69.16666667	6.92	B	IT Jobs / Private Sector
S366	Male	79	26	52	82	90	77	84	65	75	7.5	B	IT Jobs / Private Sector
S367	Female	83	22	94	52	48	53	61	79	64.5	6.45	C	Skill Development Courses
S368	Female	64	20	72	94	89	53	78	56	73.66666667	7.37	B	IT Jobs / Private Sector
S369	Male	93	11	64	47	64	48	86	70	63.16666667	6.32	C	Skill Development Courses
S370	Male	65	18	91	88	61	79	60	95	79	7.9	B	IT Jobs / Private Sector
S371	Female	61	11	51	47	51	61	82	63	59.16666667	5.92	C	Skill Development Courses
S372	Female	72	30	55	66	48	78	46	89	63.66666667	6.37	C	Skill Development Courses
S373	Female	70	18	64	50	73	68	46	51	58.66666667	5.87	C	Skill Development Courses
S374	Female	82	18	60	46	58	76	70	91	66.83333333	6.68	B	IT Jobs / Private Sector
S375	Male	75	17	48	67	47	45	57	51	52.5	5.25	C	Skill Development Courses
S376	Female	90	26	50	88	68	52	91	70	69.83333333	6.98	B	IT Jobs / Private Sector
S377	Female	70	10	66	46	81	89	75	84	73.5	7.35	B	IT Jobs / Private Sector
S378	Male	75	20	70	82	60	67	78	49	67.66666667	6.77	B	IT Jobs / Private Sector
S379	Female	67	17	47	61	48	91	83	65	65.83333333	6.58	B	IT Jobs / Private Sector
S380	Male	63	19	85	79	68	84	47	58	70.16666667	7.02	B	IT Jobs / Private Sector
S381	Female	63	16	86	78	78	56	52	48	66.33333333	6.63	B	IT Jobs / Private Sector
S382	Female	84	12	58	67	74	56	67	67	64.83333333	6.48	C	Skill Development Courses
S383	Female	62	12	55	74	62	90	58	86	70.83333333	7.08	B	IT Jobs / Private Sector
S384	Male	91	27	62	52	63	91	71	64	67.16666667	6.72	B	IT Jobs / Private Sector
S385	Male	62	14	56	66	75	59	73	59	64.66666667	6.47	C	Skill Development Courses
S386	Female	86	21	67	88	63	85	83	94	80	8	A	Higher Studies / Research
S387	Male	88	21	56	80	93	63	83	89	77.33333333	7.73	B	IT Jobs / Private Sector
S388	Male	91	28	57	49	90	70	45	73	64	6.4	C	Skill Development Courses
S389	Male	78	15	69	57	63	73	61	52	62.5	6.25	C	Skill Development Courses
S390	Male	80	11	89	73	66	66	85	85	77.33333333	7.73	B	IT Jobs / Private Sector
S391	Male	64	21	95	75	68	84	74	92	81.33333333	8.13	A	Higher Studies / Research
S392	Male	77	28	63	91	89	65	57	63	71.33333333	7.13	B	IT Jobs / Private Sector
S393	Female	87	14	90	60	56	95	65	92	76.33333333	7.63	B	IT Jobs / Private Sector
S394	Female	81	21	80	86	74	82	63	83	78	7.8	B	IT Jobs / Private Sector
S395	Male	80	26	89	74	82	64	63	90	77	7.7	B	IT Jobs / Private Sector
S396	Female	65	26	52	60	75	73	69	72	66.83333333	6.68	B	IT Jobs / Private Sector
S397	Female	60	19	73	56	80	95	66	90	76.66666667	7.67	B	IT Jobs / Private Sector
S398	Female	64	26	76	61	63	48	75	71	65.66666667	6.57	B	IT Jobs / Private Sector
S399	Female	71	24	95	60	92	51	61	48	67.83333333	6.78	B	IT Jobs / Private Sector
S400	Male	85	21	88	56	89	72	67	59	71.83333333	7.18	B	IT Jobs / Private Sector
S401	Female	93	25	62	52	80	72	76	79	70.16666667	7.02	B	IT Jobs / Private Sector
S402	Female	73	28	50	64	74	48	54	81	61.83333333	6.18	C	Skill Development Courses
S403	Male	85	17	62	47	93	66	54	45	61.16666667	6.12	C	Skill Development Courses
S404	Male	86	30	63	60	77	56	80	47	63.83333333	6.38	C	Skill Development Courses
S405	Female	68	26	66	74	62	89	52	91	72.33333333	7.23	B	IT Jobs / Private Sector
S406	Female	85	14	81	89	93	47	64	68	73.66666667	7.37	B	IT Jobs / Private Sector
S407	Female	81	25	76	67	72	66	76	71	71.33333333	7.13	B	IT Jobs / Private Sector
S408	Female	89	15	85	72	91	88	94	84	85.66666667	8.57	A	Higher Studies / Research
S409	Female	76	17	47	95	55	46	58	80	63.5	6.35	C	Skill Development Courses
S410	Female	85	27	72	84	89	68	94	78	80.83333333	8.08	A	Higher Studies / Research
S411	Male	95	21	54	49	77	78	72	73	67.16666667	6.72	B	IT Jobs / Private Sector
S412	Female	60	24	95	64	61	71	90	68	74.83333333	7.48	B	IT Jobs / Private Sector
S413	Female	67	18	79	84	50	85	68	68	72.33333333	7.23	B	IT Jobs / Private Sector
S414	Male	94	22	73	88	48	45	59	86	66.5	6.65	B	IT Jobs / Private Sector
S415	Male	74	24	59	45	64	52	66	48	55.66666667	5.57	C	Skill Development Courses
S416	Male	81	19	77	74	92	67	74	47	71.83333333	7.18	B	IT Jobs / Private Sector
S417	Male	73	25	51	65	91	82	48	78	69.16666667	6.92	B	IT Jobs / Private Sector
S418	Female	85	16	56	64	71	50	57	93	65.16666667	6.52	B	IT Jobs / Private Sector
S419	Female	87	26	93	50	59	66	67	67	67	6.7	B	IT Jobs / Private Sector
S420	Female	82	30	74	66	50	69	52	67	63	6.3	C	Skill Development Courses
S421	Female	73	16	65	62	91	62	62	89	71.83333333	7.18	B	IT Jobs / Private Sector
S422	Female	83	23	75	52	58	61	56	49	58.5	5.85	C	Skill Development Courses
S423	Female	61	24	68	83	55	56	75	75	68.66666667	6.87	B	IT Jobs / Private Sector
S424	Male	85	30	64	76	83	50	58	85	69.33333333	6.93	B	IT Jobs / Private Sector
S425	Female	73	16	81	77	53	70	78	50	68.16666667	6.82	B	IT Jobs / Private Sector
S426	Male	66	18	48	60	70	71	62	81	65.33333333	6.53	B	IT Jobs / Private Sector
S427	Male	62	28	72	56	60	52	78	54	62	6.2	C	Skill Development Courses
S428	Female	82	25	88	82	49	63	55	84	70.16666667	7.02	B	IT Jobs / Private Sector
S429	Male	77	17	64	78	54	86	85	51	69.66666667	6.97	B	IT Jobs / Private Sector
S430	Female	94	27	68	58	94	45	56	83	67.33333333	6.73	B	IT Jobs / Private Sector
S431	Male	74	27	94	80	47	73	93	82	78.16666667	7.82	B	IT Jobs / Private Sector
S432	Female	84	29	93	77	57	89	59	65	73.33333333	7.33	B	IT Jobs / Private Sector
S433	Male	87	16	95	67	87	93	75	64	80.16666667	8.02	A	Higher Studies / Research
S434	Female	69	12	76	94	93	79	93	47	80.33333333	8.03	A	Higher Studies / Research
S435	Female	76	27	85	89	74	84	73	95	83.33333333	8.33	A	Higher Studies / Research
S436	Female	81	19	80	46	89	58	70	66	68.16666667	6.82	B	IT Jobs / Private Sector
S437	Female	85	16	78	85	50	79	62	91	74.16666667	7.42	B	IT Jobs / Private Sector
S438	Female	84	26	80	65	61	92	76	48	70.33333333	7.03	B	IT Jobs / Private Sector
S439	Male	76	23	46	46	89	89	66	72	68	6.8	B	IT Jobs / Private Sector
S440	Male	72	12	59	71	95	64	82	56	71.16666667	7.12	B	IT Jobs / Private Sector
S441	Male	79	21	78	53	63	93	61	82	71.66666667	7.17	B	IT Jobs / Private Sector
S442	Female	84	22	80	45	86	57	67	95	71.66666667	7.17	B	IT Jobs / Private Sector
S443	Male	63	11	50	55	79	82	68	80	69	6.9	B	IT Jobs / Private Sector
S444	Female	69	12	83	47	90	93	94	91	83	8.3	A	Higher Studies / Research
S445	Female	62	14	86	67	70	90	52	85	75	7.5	B	IT Jobs / Private Sector
S446	Male	77	20	95	70	95	93	85	49	81.16666667	8.12	A	Higher Studies / Research
S447	Male	95	17	95	48	49	52	50	57	58.5	5.85	C	Skill Development Courses
S448	Female	81	21	56	62	73	87	49	67	65.66666667	6.57	B	IT Jobs / Private Sector
S449	Male	93	16	47	50	81	64	88	94	70.66666667	7.07	B	IT Jobs / Private Sector
S450	Female	67	24	89	79	64	77	73	74	76	7.6	B	IT Jobs / Private Sector
S451	Female	78	26	62	66	93	70	72	81	74	7.4	B	IT Jobs / Private Sector
S452	Female	65	13	84	87	65	83	55	69	73.83333333	7.38	B	IT Jobs / Private Sector
S453	Female	85	22	65	59	54	65	45	92	63.33333333	6.33	C	Skill Development Courses
S454	Female	93	27	59	66	49	93	87	71	70.83333333	7.08	B	IT Jobs / Private Sector
S455	Male	65	10	77	81	80	86	63	95	80.33333333	8.03	A	Higher Studies / Research
S456	Male	92	25	79	86	50	87	53	58	68.83333333	6.88	B	IT Jobs / Private Sector
S457	Female	81	22	70	56	70	85	71	92	74	7.4	B	IT Jobs / Private Sector
S458	Female	80	19	52	91	48	53	78	91	68.83333333	6.88	B	IT Jobs / Private Sector
S459	Male	65	21	80	93	83	68	88	80	82	8.2	A	Higher Studies / Research
S460	Male	65	11	92	86	83	81	48	83	78.83333333	7.88	B	IT Jobs / Private Sector
S461	Female	63	12	74	82	94	93	80	60	80.5	8.05	A	Higher Studies / Research
S462	Male	89	19	67	62	79	85	62	66	70.16666667	7.02	B	IT Jobs / Private Sector
S463	Female	70	11	86	89	45	61	59	65	67.5	6.75	B	IT Jobs / Private Sector
S464	Male	89	22	88	79	68	68	95	65	77.16666667	7.72	B	IT Jobs / Private Sector
S465	Female	90	22	58	74	80	65	57	52	64.33333333	6.43	C	Skill Development Courses
S466	Male	83	27	58	68	50	95	63	93	71.16666667	7.12	B	IT Jobs / Private Sector
S467	Female	68	12	46	86	85	83	93	60	75.5	7.55	B	IT Jobs / Private Sector
S468	Male	62	16	81	74	90	85	50	75	75.83333333	7.58	B	IT Jobs / Private Sector
S469	Male	90	23	49	58	88	83	92	86	76	7.6	B	IT Jobs / Private Sector
S470	Female	95	29	82	50	75	57	56	54	62.33333333	6.23	C	Skill Development Courses
S471	Male	83	26	89	47	64	55	95	76	71	7.1	B	IT Jobs / Private Sector
S472	Female	90	30	85	60	68	90	81	78	77	7.7	B	IT Jobs / Private Sector
S473	Male	65	21	91	51	69	63	61	53	64.66666667	6.47	C	Skill Development Courses
S474	Female	61	25	58	58	80	55	67	61	63.16666667	6.32	C	Skill Development Courses
S475	Male	79	21	83	53	65	57	70	55	63.83333333	6.38	C	Skill Development Courses
S476	Female	87	24	69	59	74	90	73	76	73.5	7.35	B	IT Jobs / Private Sector
S477	Male	70	19	64	65	68	89	77	54	69.5	6.95	B	IT Jobs / Private Sector
S478	Female	63	16	46	79	88	45	71	66	65.83333333	6.58	B	IT Jobs / Private Sector
S479	Male	74	29	83	46	86	84	69	61	71.5	7.15	B	IT Jobs / Private Sector
S480	Female	65	14	50	71	74	88	54	48	64.16666667	6.42	C	Skill Development Courses
S481	Female	89	10	61	46	66	63	91	92	69.83333333	6.98	B	IT Jobs / Private Sector
S482	Female	61	26	69	79	72	56	67	91	72.33333333	7.23	B	IT Jobs / Private Sector
S483	Male	74	12	72	62	51	52	65	69	61.83333333	6.18	C	Skill Development Courses
S484	Female	70	22	46	58	79	52	65	65	60.83333333	6.08	C	Skill Development Courses
S485	Male	67	23	79	64	72	89	87	81	78.66666667	7.87	B	IT Jobs / Private Sector
S486	Female	85	27	81	62	58	56	57	82	66	6.6	B	IT Jobs / Private Sector
S487	Male	64	13	49	54	54	92	81	93	70.5	7.05	B	IT Jobs / Private Sector
S488	Female	65	27	45	69	60	77	77	45	62.16666667	6.22	C	Skill Development Courses
S489	Male	85	14	84	46	60	89	68	69	69.33333333	6.93	B	IT Jobs / Private Sector
S490	Male	63	25	56	69	75	70	88	95	75.5	7.55	B	IT Jobs / Private Sector
S491	Female	78	10	80	77	86	83	55	80	76.83333333	7.68	B	IT Jobs / Private Sector
S492	Male	79	30	89	80	69	72	61	61	72	7.2	B	IT Jobs / Private Sector
S493	Male	92	23	67	75	57	49	48	85	63.5	6.35	C	Skill Development Courses
S494	Female	79	24	91	58	50	52	91	68	68.33333333	6.83	B	IT Jobs / Private Sector
S495	Male	71	18	75	45	88	69	69	46	65.33333333	6.53	B	IT Jobs / Private Sector
S496	Male	60	24	55	90	53	71	74	84	71.16666667	7.12	B	IT Jobs / Private Sector
S497	Male	85	26	54	60	89	90	53	59	67.5	6.75	B	IT Jobs / Private Sector
S498	Female	73	13	47	90	80	67	65	76	70.83333333	7.08	B	IT Jobs / Private Sector
S499	Male	70	21	58	47	87	74	64	83	68.83333333	6.88	B	IT Jobs / Private Sector
S500	Female	95	14	60	79	64	89	63	50	67.5	6.75	B	IT Jobs / Private Sector